{"rotation_vectors": [[[-0.04282292953589505], [0.43411432469492417], [3.0916692233312655]], [[0.19817003440602995], [-0.36524280505621626], [-3.083563340360644]], [[-0.18098225321189382], [0.32778898218121694], [3.069737580437902]], [[-0.2482539520324701], [0.31152579693817345], [3.113639437147505]], [[0.3029928694063335], [-0.30659482343645034], [-3.1030534871671707]], [[-0.0750562409801673], [0.41968072977339754], [3.091988462157702]], [[0.1184978093207173], [-0.3093065971186677], [-3.105333362647587]], [[0.284274827197831], [-0.4450238063340378], [-3.055117830201192]], [[-0.05982664334194063], [-0.5591308623394142], [-2.81843736416495]], [[-0.07878098488777174], [-0.41698519549245006], [-3.072253140401962]], [[-0.16431324977276943], [0.3351628936565087], [3.050357773639575]], [[-0.06196681468376809], [0.33803596210532694], [3.077699902228059]], [[-0.36749722158708703], [0.33594187133429904], [3.0563212972842124]], [[-0.604440731436184], [-0.4388407510611957], [-3.0437607255377905]], [[-0.18186159202454236], [-0.449682421809167], [-3.0751538971496957]], [[-0.09054218096118866], [-0.3973521505180983], [-3.1042714474641864]], [[0.09268882779364168], [-0.3999423483424435], [-3.1103325398496704]], [[-0.10715425610835733], [0.11048303737335465], [3.1203011092694415]], [[-0.16712856346633273], [-0.4805759447029316], [-3.06344259374017]]], "camera_matrix": [[838.569901569403, 0.0, 333.8646164183144], [0.0, 842.0913302067024, 228.40048694478313], [0.0, 0.0, 1.0]], "distortion_coefficients": [[0.034446014216366755, -0.3245205375935929, -0.008897568594596892, 0.004098151419648889, 1.2438221818166113]], "translation_vectors": [[[5.029708300482562], [2.3027738454812385], [15.206653647053052]], [[5.037914393204472], [2.0425256688032962], [15.799146762472695]], [[5.006790725040842], [2.080099022749417], [17.302814133805303]], [[5.257051078922013], [2.3408644716166163], [18.25703055569167]], [[5.31781616294505], [2.8557036724118965], [18.392890901388892]], [[4.985236862129237], [2.003707461037902], [16.583472259858528]], [[4.697306659227925], [2.2692677490966604], [17.14206491149972]], [[4.851134264247218], [2.804862024107603], [16.114291251964946]], [[4.502884284100307], [2.798972546117513], [17.544910814993074]], [[5.189849525892272], [2.4826869685262216], [16.300080128245217]], [[4.949378247822197], [2.3958725534939225], [17.501969019774705]], [[4.838805398347532], [2.964398017287475], [18.72865544780816]], [[3.8242319849925863], [2.7725117694180055], [20.087426865827503]], [[4.452326443030815], [2.5626159117191336], [13.622258063155185]], [[4.828852550154531], [2.213277308340498], [14.104117674330473]], [[4.7615099042335585], [2.2477289954831217], [16.914701926507995]], [[4.914172191663813], [2.507447383494348], [16.233939672520577]], [[5.132760743176684], [1.7644200825310477], [16.054734322180906]], [[5.123255813741271], [4.085008448067341], [15.786818857977996]]], "ret": 0.22924419919498282}