{"rotation_vectors": [[[-0.1518319068872798], [-0.13691437216143373], [0.08431499590495825]], [[-0.21136602143636285], [-0.16314824390195612], [0.011001188867505554]], [[-0.21799837914856607], [-0.2621802599866996], [0.06617773380366479]], [[-0.2953163367544372], [-0.0033196268893835017], [0.1495685157356228]], [[-0.31543039890473445], [-0.2805916634540606], [0.025522143879859866]], [[-0.29101138959091133], [-0.13597312516130372], [0.027921880065839583]], [[-0.20425068917834416], [-0.19427671000918564], [0.08649092243668041]], [[-0.19368401004971264], [-0.21262445397377905], [0.010317061344708073]], [[-0.2556706438610232], [0.09647528036062629], [0.029758350697565127]], [[-0.27470412078731815], [0.23279042031458008], [0.03833819751394417]], [[-0.16937149958805928], [0.08688100137729364], [0.11457066945602269]], [[-0.2142610874645633], [-0.08846015454395866], [0.053687552153894307]], [[-0.14726016857031754], [-0.015347683214449336], [0.004408223321592648]], [[-0.17314580015778502], [-0.04472436552393966], [-0.003783384235235041]], [[-0.18050922289518181], [-0.058193048444365916], [-0.025664742154843937]], [[-0.18699039634917], [-0.04827490722628509], [-0.03622510333363792]], [[-0.18766858153929541], [-0.03691984485099629], [-0.022464552629897543]], [[-0.27041705948831435], [-0.022592154515789997], [0.05195805550761144]], [[-0.058398926839930546], [-0.24254767317971712], [0.02957760711564102]], [[-0.24534023410460865], [0.18745547104950505], [0.038055104384458395]], [[-0.20028207261239844], [0.17006921155933913], [-0.052127477524559034]], [[-0.1434503956652561], [0.09284292907316781], [-0.01779125468420317]]], "translation_vectors": [[[-2.675254113893407], [-2.1561676477878935], [16.875006466254344]], [[-2.8962372953093065], [-2.3246874671476254], [17.133789295534438]], [[-4.0909595028002315], [-1.8058375069188815], [19.488263409736756]], [[-2.2833815124885444], [-1.95586656388156], [19.47491540347583]], [[-2.471496952055633], [-2.026636464264809], [16.578565726796658]], [[-3.2772623248547164], [-1.990838091561538], [16.986632293427423]], [[-2.7939494783661303], [-2.7876098362133894], [17.231854092784605]], [[-2.9224303422834614], [-1.678465197023026], [17.358475629585183]], [[-2.3019868863411563], [-1.2899454983754541], [22.638962410312555]], [[-2.0594188373027467], [-1.1073789467658361], [24.098621250586167]], [[-2.191197901752061], [-3.608634910105], [22.781249620487724]], [[-3.2742491690911675], [-2.0879454548547574], [20.38949523745514]], [[-3.3175947705384132], [-1.9880467164002364], [19.24662679231823]], [[-3.4541208170997875], [-1.5466112925574962], [19.057506054230526]], [[-3.6143060901923], [-1.0346673795448267], [18.889046837628207]], [[-4.381663132645192], [-0.8102433632964079], [18.760542503029697]], [[-3.767027987448067], [-0.8737543912471067], [18.994310612420065]], [[-3.212321469523858], [-1.4349630953193984], [19.993988651404596]], [[-3.8582983225708833], [-3.7556664586932715], [20.98879074273711]], [[-3.1707872510205277], [-3.14715727237509], [19.103021341374287]], [[-3.3326948118656534], [-1.0147051746743567], [18.413600377674417]], [[-3.469570901180365], [-1.1286996903556583], [18.28131040360431]]], "camera_matrix": [[848.6978477407405, 0.0, 331.69263377212377], [0.0, 851.5433142851405, 224.33897376103164], [0.0, 0.0, 1.0]], "ret": 0.18924587821029873, "distortion_coefficients": [[-0.018849945393132787, 0.7810598415325397, -0.008175287153839613, 0.0021488253337801195, -4.537923570826537]]}