{"rotation_vectors": [[[-0.11509495010064844], [-0.11334048346829269], [0.03427388285466516]], [[-0.1815943573939663], [-0.13769887985138166], [-0.038821183948273635]], [[-0.18966990898949407], [-0.23799712849662538], [0.015325625270869442]], [[-0.264062342511287], [0.014247448631929187], [0.10403185603490847]], [[-0.2875395582690599], [-0.25380412238039957], [-0.02495567861959691]], [[-0.2588883244657295], [-0.10888726561822899], [-0.020386750948622048]], [[-0.17485550260683655], [-0.16999771201174788], [0.03610494787676391]], [[-0.16371302016910533], [-0.19013558923771035], [-0.0406377583527215]], [[-0.22029964810596597], [0.12076078055788995], [-0.015140920422217144]], [[-0.2372212632374971], [0.2563243691025348], [-0.0035147531809519936]], [[-0.13663366381288955], [0.11117554567425798], [0.07028275176159746]], [[-0.18296374143441263], [-0.06355325996411335], [0.005399806688224986]], [[-0.11352794424589216], [0.0074560916658551095], [-0.04400962557867651]], [[-0.14108100059680903], [-0.021041335715895667], [-0.05125146361523712]], [[-0.1475340371514625], [-0.032714116126224047], [-0.07385963157791245]], [[-0.1513272948190473], [-0.022806487285888844], [-0.08298282292793728]], [[-0.15416314332395817], [-0.011954753993572226], [-0.0703868573845134]], [[-0.23690599267408433], [0.0026863552716314544], [0.005254937913702602]], [[-0.027737069483928452], [-0.22260702338821084], [-0.02246638204557926]], [[-0.20825649577139738], [0.21128650989998451], [-0.005350373453124211]], [[-0.16569591878050371], [0.194840421729688], [-0.09667323985917009]], [[-0.10987190977319891], [0.11809342687133036], [-0.06360801009184908]]], "translation_vectors": [[[-5.441444519169282], [-2.486496552348036], [16.99620478394373]], [[-5.658302033459796], [-2.6568437267028284], [17.265865509403387]], [[-6.804609928878556], [-2.160746337549933], [19.654145848957864]], [[-5.006858690783179], [-2.41755485357581], [19.505237579699802]], [[-5.228341673557032], [-2.3619928547963718], [16.69851800698112]], [[-6.02651049998753], [-2.3034470144287273], [17.125064099620065]], [[-5.581391417480312], [-3.1289922871540172], [17.339728251210524]], [[-5.661940985125649], [-2.020898104795921], [17.462972775261168]], [[-4.9455053425431466], [-1.8429561447134468], [22.761846044801846]], [[-4.672664005938026], [-1.7230975169169562], [24.222446034635592]], [[-4.930046197752271], [-4.188452198258901], [22.853175253243283]], [[-5.987332046418174], [-2.5164517884990283], [20.53285820765176]], [[-6.039879742500927], [-2.3682710773137106], [19.376094422636246]], [[-6.1523786990362765], [-1.9319644214840477], [19.205856691937203]], [[-6.294075458336087], [-1.3943951319749124], [19.072771050231918]], [[-7.04129317554369], [-1.1431967834359953], [18.959335286544032]], [[-6.438812726310956], [-1.2331488443599348], [19.174241060861345]], [[-5.895714730634653], [-1.8571517320618096], [20.142117494215906]], [[-6.648879701462242], [-4.1745670097671175], [21.081256126121843]], [[-5.9412389084409964], [-3.5379961083612064], [19.189788995455437]], [[-6.010300658510673], [-1.3676923401681171], [18.564729122362746]], [[-6.150336849510408], [-1.4834579269091142], [18.452815763745356]]], "camera_matrix": [[838.7344457635932, 0.0, 330.62298034898254], [0.0, 841.7704511274186, 229.62467255993636], [0.0, 0.0, 1.0]], "ret": 0.1688856007177344, "distortion_coefficients": [[0.11272558543189336, -0.9326717044424249, -0.007087522519113527, 0.003431626583345358, 3.27727862593751]]}