{"rotation_vectors": [[[-0.004784263299640529], [0.3455818350241428], [3.0541732962227965]], [[-0.16319976860058105], [0.2867025364358955], [3.1026419692701483]], [[-0.1386206035428348], [0.24899427271017516], [3.0281256060929302]], [[-0.20775066810746412], [0.23409440429653122], [3.0707736888053954]], [[-0.26582817200543296], [0.2324284003669704], [3.077751519311217]], [[-0.034063010220238756], [0.3363550802157878], [3.0541451217693365]], [[-0.07705905798534998], [0.23047337976750357], [3.0988525614334064]], [[-0.24892378866473508], [0.37592845484461473], [3.098490382327787]], [[-0.08690753926797015], [-0.48929862778166977], [-2.875876502808862]], [[0.11643761240344838], [0.3409880221432271], [3.1140531037497805]], [[-0.12361037945304573], [0.25287234315168894], [3.0093785860105955]], [[-0.02521043507176895], [0.25705493816554653], [3.036616564839834]], [[-0.32199176902748783], [0.25793142648167944], [3.0149586984980448]], [[0.6331481889857438], [0.3433541319186469], [3.0284211998467083]], [[0.22076118641272607], [0.36699981466463966], [3.0960633035314795]], [[0.1268195986748415], [0.30924441883818793], [3.087897573771793]], [[-0.05262514472732689], [0.3174760057046868], [3.0796314794878357]], [[-0.07567852864094017], [0.033867698936620845], [3.0713199617304006]], [[0.2023462642656644], [0.3982549027754209], [3.1013952188173395]], [[-0.13300095846288434], [0.028355817223858475], [-0.027187459160081126]]], "camera_matrix": [[827.7004728627378, 0.0, 324.3422829934941], [0.0, 830.4877408053449, 238.64860109074726], [0.0, 0.0, 1.0]], "translation_vectors": [[[2.40721337066742], [1.2989913344815742], [15.244732701762963]], [[2.413563630792059], [1.0114043977482545], [15.823312321233496]], [[2.3955824201017326], [0.9777295788566308], [17.298762574744995]], [[2.6695549959964797], [1.173496164536332], [18.252520426539643]], [[2.745495593888764], [1.673722132128564], [18.411581180965726]], [[2.3614718123520073], [0.9323826755384051], [16.573277744758478]], [[2.094285148564975], [1.1993857160116392], [17.14234949248304]], [[2.261977040670089], [1.7606787953299283], [16.156704405832915]], [[1.9238307235879533], [1.6883431914469549], [17.582985692056226]], [[2.5686679831592665], [1.4035120485083277], [16.296584833768083]], [[2.3421596529887543], [1.2614854309290042], [17.52996384438267]], [[2.26893247657056], [1.7618187914242287], [18.781622478754464]], [[1.2618670318720464], [1.5570632673520188], [20.158150895118602]], [[1.811525859835736], [1.6575246866463702], [13.672520229026993]], [[2.1826053921015336], [1.2611766478883244], [14.1417156042179]], [[2.1411238293662005], [1.1500330710631606], [16.94348217107292]], [[2.302197304304814], [1.4384166140648464], [16.26423005655439]], [[2.4848771772660254], [0.6917314869031648], [16.050434339159374]], [[2.581431091383956], [3.019099101625125], [15.902380491747685]], [[-5.916056699658398], [-2.602199337379404], [17.94290548479126]]], "ret": 0.22827061403790233, "distortion_coefficients": [[-0.04196340634479837, 0.8789605948812146, -0.007072125891167001, 0.005533573929050181, -2.842854003270991]]}