{"rotation_vectors": [[[-0.04120827330431211], [0.4346743027613819], [3.091813147237293]], [[0.19677618007750938], [-0.36584224366836576], [-3.0833361366095193]], [[-0.17964214854429175], [0.32836671085484437], [3.06996547815772]], [[-0.24701638198806333], [0.31222845843616176], [3.113894022064002]], [[0.3017756713420987], [-0.3073618895357009], [-3.102862333226003]], [[-0.0734439624941204], [0.420243827557193], [3.092166563247626]], [[0.11701665055006828], [-0.3096807512264163], [-3.1051676268683517]], [[0.28290706130106846], [-0.4457101355959276], [-3.054857318269236]], [[-0.061576983301046176], [-0.5595608868369402], [-2.81804035726121]], [[-0.08055920175215653], [-0.4173872542675351], [-3.07199526962923]], [[-0.16296895560777303], [0.33570227098457445], [3.050568771503563]], [[-0.06043330536987761], [0.33834247480720175], [3.0778478937666436]], [[-0.36634006767705274], [0.33672889508312814], [3.056633999066393]], [[-0.606939850268999], [-0.43968814910356185], [-3.043146389744216]], [[-0.18388743337554495], [-0.4501849140273071], [-3.074816250119445]], [[-0.09250307445046195], [-0.3976969428323751], [-3.104022596118281]], [[0.0911489791035672], [-0.40040224806736596], [-3.110116504559692]], [[-0.10589325461123304], [0.11084881791363657], [3.1204414642640343]], [[-0.16901615482088508], [-0.48095883317291005], [-3.063170912054049]], [[-0.1966799574957469], [0.010323123363296398], [0.02303408394476057]]], "camera_matrix": [[839.7904088989292, 0.0, 332.6996788857434], [0.0, 843.1498656137478, 227.6026365209554], [0.0, 0.0, 1.0]], "translation_vectors": [[[5.051057128777722], [2.3178350891513677], [15.22302433096095]], [[5.059707629479466], [2.057991534581734], [15.81523205159397]], [[5.030742116579183], [2.096958345979809], [17.321188889506754]], [[5.2820960028605155], [2.3585844136431797], [18.27541581600912]], [[5.342917960054321], [2.8735144186521278], [18.410552089899006]], [[5.008397872792038], [2.02000250338972], [16.60158453031946]], [[4.721147407442626], [2.286005110588555], [17.160997649433458]], [[4.873289568540559], [2.820662415838856], [16.130182268170877]], [[4.527457011567989], [2.8163387294177844], [17.565009997362072]], [[5.212817030821447], [2.4988497598466437], [16.318048808502684]], [[4.973688870907457], [2.4129669204691213], [17.520850347955207]], [[4.8650474195752755], [2.9828217352759294], [18.750042331358042]], [[3.8518265521510764], [2.7918868647068584], [20.109151550047432]], [[4.471086881503889], [2.5759854087618828], [13.63531717511047]], [[4.848733485888543], [2.2273091911219507], [14.119247568115629]], [[4.785250816220422], [2.2644079982177376], [16.9337798288566]], [[4.936862039741826], [2.523456043752237], [16.251580978063927]], [[5.154983930095205], [1.7798629533976755], [16.071613396057998]], [[5.145817193767251], [4.10098319437029], [15.80417249751257]], [[-3.083045035369141], [-1.6311899082910284], [18.06495479238337]]], "ret": 0.23063026229540326, "distortion_coefficients": [[0.03255694554125751, -0.27916848369106534, -0.00901530753257085, 0.003603587820794142, 1.0461620029114749]]}