{"rotation_vectors": [[[-0.007021276877352743], [0.34535947100433184], [3.0539787876562148]], [[-0.16532381941989882], [0.28642854462014544], [3.1023374409580695]], [[-0.1407293067044683], [0.24878497679106584], [3.0278585099575084]], [[-0.20983114783977455], [0.23386279844334862], [3.070468769315897]], [[-0.2678659225689], [0.23220772490659167], [3.0774192881946982]], [[-0.03630738995669154], [0.3360910231718353], [3.053924159021493]], [[-0.07930347921829863], [0.23038271826226459], [3.098628362846439]], [[-0.2509965368018563], [0.3757122490314537], [3.098103693975843]], [[-0.0846165735993361], [-0.48930281833223466], [-2.8762590249991975]], [[0.11402324936925665], [0.34079121260382766], [3.1139649974619172]], [[-0.12574493218896568], [0.2527405769866173], [3.0091224733374125]], [[-0.027592217665436583], [0.25709764683699987], [3.03643240895524]], [[-0.32391358733631903], [0.25787773497199756], [3.0145547545389006]], [[0.6305535843277086], [0.3430752734902992], [3.028861255038092]], [[0.21831839404661593], [0.36675588374212953], [3.0960562487267196]], [[0.12434793553848004], [0.30905536232478553], [3.0878268051683757]], [[-0.05485863793500246], [0.31732721965304433], [3.079403542993876]], [[-0.07782363837939167], [0.03369096910824106], [3.0711776789171386]], [[0.19995997415439026], [0.39828679443577686], [3.1013865386731507]]], "camera_matrix": [[827.2803081546441, 0.0, 325.6296058913608], [0.0, 830.0416821196822, 238.89611900828558], [0.0, 0.0, 1.0]], "distortion_coefficients": [[-0.04835491053874675, 0.9291592429281208, -0.0070883688696096675, 0.006033388205300849, -2.9660371455981833]], "translation_vectors": [[[2.383416058928932], [1.294223959353125], [15.236825478208047]], [[2.3889391421794097], [1.0064698826092473], [15.815408509993462]], [[2.3686401722242896], [0.9723864382041103], [17.28963080380046]], [[2.6411672017385883], [1.1678886945118403], [18.24346549232383]], [[2.716877457846079], [1.6681078502387823], [18.402736140980586]], [[2.3356361774157106], [0.9272296240325413], [16.56459545321078]], [[2.0675928086307063], [1.1940841095632795], [17.13286590239289]], [[2.2368316140032682], [1.7556666844129896], [16.148463611824308]], [[1.8965326657515724], [1.6829372325492555], [17.57333125517902]], [[2.543258974968498], [1.3984467128732756], [16.288358721144306]], [[2.314847917485935], [1.256077673394353], [17.5204661995483]], [[2.23966925872865], [1.7560166086703133], [18.77123359066322]], [[1.2306188585228404], [1.5509193598081947], [20.145336023491325]], [[1.7902493452602777], [1.6533002979013145], [13.665348184627621]], [[2.160547002311227], [1.2567435547044759], [14.134363577666994]], [[2.114737951256098], [1.144780255054909], [16.93446604917936]], [[2.2768349312820386], [1.4333542998404865], [16.255535885991826]], [[2.4598809406397466], [0.6868046902878113], [16.042319084605083]], [[2.5564158856752006], [3.014109371603165], [15.893409035117598]]], "ret": 0.22666404448515973}